Panel Name,LF Price
"5V Panel Galvalume Plus 24 GA X 26""",7.33
"5V Panel Galvalume Plus 26 GA X 26"" GP80",2.3
"5V Panel Galvanized 29 GA X 26""",2.15
"5V Panel PVF Ash Gray 26 GA X 26"" GR80",3.38
"5V Panel PVF Autumn Red 26 GA X 26"" GR80",3.38
"5V Panel PVF Charcoal 26 GA X 26"" GR80",3.38
"5V Panel PVF Evergreen 26 GA X 26"" GR80",3.38
"5V Panel PVF Hartford Green 26 GA X 26"" GR80",55.74
"5V Panel PVF Light Stone 26 GA X 26"" GR80",3.38
"5V Panel PVF Matte Black 26 GA X 26"" GR80",3.38
"5V Panel PVF Patina Green 26 GA X 26"" GR80",3.38
"5V Panel PVF Patrician Bronze 26 GA X 26"" GR80",3.38
"5V Panel PVF Regal White 26 GA X 26"" GR80",3.38
"5V Panel PVF Roman Blue 26 GA X 26"" GR80",3.38
"5V Panel PVF Tudor Brown 26 GA X 26"" GR80",3.38
"FW Panel 12"" Galvalume Plus GA X LF",4.37
"FW Panel 12"" PVF Almond 24 GA X LF",4.18
"FW Panel 12"" PVF Ash Gray 24 GA X LF",5.14
"FW Panel 12"" PVF Bone White 24 GA X LF",5.06
"FW Panel 12"" PVF Brite Red 24 GA X LF",5.41
"FW Panel 12"" PVF Charcoal 24 GA X LF",3.4
"FW Panel 12"" PVF Colonial Red 24 GA X LF",5.14
"FW Panel 12"" PVF Cop Pen Mtlc 24 GA X LF",5.36
"FW Panel 12"" PVF Dark Bronze 24 GA X LF",5.14
"FW Panel 12"" PVF Evergreen 24 GA X LF",5.14
"FW Panel 12"" PVF Hartford Green 24 GA X LF",5.35
"FW Panel 12"" PVF Light Stone 24 GA X LF",5.16
"FW Panel 12"" PVF Mansard Brown 24 GA X LF",5.11
"FW Panel 12"" PVF Matte Black 24 GA X LF",4.25
"FW Panel 12"" PVF Medium Bronze 24 GA X LF",5.11
"FW Panel 12"" PVF Preweath Glum 24 GA X LF",5.35
FW Panel 12 PVF Regal Blue 24 GA X LF,5.36
"FW Panel 12"" PVF Regal White 24 GA X LF",5.06
"FW Panel 12"" PVF Roman Blue 24 GA X LF",5.17
"FW Panel 12"" PVF Sandstone 24 GA X LF",5.15
"FW Panel 12"" PVF Slate Gray 24 GA X LF",5.11
"FW Panel 12"" PVF Surrey Beige 24 GA X LF",
"FW Panel 12"" PVF Terra Cotta 24 GA X LF",5.11
"FW Panel 12"" PVF Tx Silv Mtlc 24 GA X LF",5.35
M-Cor Camo Mossy Oak 26 GA x 38 9/16 GR50,
M-Cor Cor-Ten AZP Raw 24 GA x 38 9/16,9.12
M-Cor Galvalume Plus 24 GA x 38 9/16,3.86
M-Cor Galvalume Plus 26 GA x 38 9/16 GP50,3.7
M-Cor Galvalume Plus 29 GA x 37 15/16,3.4
M-Cor Galvanized Plus 29 GA x 37 15/16 GV80,3.4
M-Cor PVF Ash Gray 24 GA x 38 9/16,5.14
M-Cor PVF Ash Gray 26 GA x 38 9/16 GR50,5.24
M-Cor PVF Ash Gray 29 GA 5.24 37 15/16M-Cor PVF Matte Black 26 GA x 38 9/16 GR50,4.77
M-Cor PVF Autumn Red 26 GA x 38 9/16 GR50,5.24
M-Cor PVF Autumn Red 29 GA x 37 15/16,4.77
M-Cor PVF Bone White 24 GA x 38 9/16,5.14
M-Cor PVF Brandywine 24 GA x 38 9/16,108
M-Cor PVF Brandywine 26 GA x 38 9/16 GR50,75.48
M-Cor PVF Brandywine 29 GA x 37 15/16,57.18
M-Cor PVF Brite Red 24 GA x 38 9/16,108
M-Cor PVF Brite Red 26 GA x 38 9/16 GR50,75.48
M-Cor PVF Charcoal 24 GA x 38 9/16,5.14
M-Cor PVF Charcoal 26 GA x 38 9/16 GR50,5.24
M-Cor PVF Charcoal 29 GA x 37 15/16,4.77
M-Cor PVF Clay 26 GA x 38 9/16 GR50,5.24
M-Cor PVF Clay 29 GA x 37 15/16,4.77
M-Cor PVF Colonial Red 24 GA x 38 9/16,5.14
M-Cor PVF Copper Penny 5.24 26 GA x 38 9/16 GR50M-Cor PVF Matte Black 26 GA x 38 9/16 GR50,127.86
M-Cor PVF Matte Black 26 GA x 38 9/16 GR50,5.24
M-Cor PVF Matte Black 29 GA x 37 15/16,52.75
M-Cor PVF Patina Green 26 GA x 38 9/16 GR50,5.24
M-Cor PVF Patrician Bronze 26 GA x 38 9/16 GR50,5.24
M-Cor PVF Patrician Bronze 29 GA x 37 15/16,4.77
M-Cor PVF Regal Blue 26 GA x 38 9/16 GR50,75.48
M-Cor PVF Regal White 24 GA x 38 9/16,
M-Cor PVF Regal White 26 GA x 38 9/16 GR50,5.24
M-Cor PVF Regal White 29 GA x 37 15/16,4.77
M-Cor PVF Roman Blue 26 GA x 38 9/16 GR50,5.24
M-Cor PVF Roman Blue 29 GA x 37 15/16,4.77
M-Cor PVF Surrey Beige 24 GA x 38 9/16,5.14
M-Cor PVF Surrey Beige 26 GA x 38 9/16 GR50,5.24
M-Cor PVF Surrey Beige 29 GA x 37 15/16,4.77
M-Cor PVF Terratone 26 GA x 38 9/16 GR50,5.24
M-Cor PVF Tudor Brown 26 GA x 38 9/16 GR50,5.24
M-Cor PVF Tudor Brown 29 GA x 37 15/16,4.77
M-Cor SP Ash Gray 26 GA x 38 9/16 GR80,4.73
M-Cor SP Ash Gray 29 GA x 37 15/16,49.3
M-Cor SP Autumn Red 26 GA x 38 9/16 GR80,4.73
M-Cor SP Autumn Red 29 GA x 37 15/16,49.3
M-Cor SP Brite White 26 GA x 38 9/16 GR80,4.54
M-Cor SP Brite White 29 GA x 37 15/16,3.93
M-Cor SP Charcoal 29 GA x 37 15/16,49.3
M-Cor SP Evergreen 26 GA x 38 9/16 GR80,4.73
M-Cor SP Evergreen 29 GA x 37 15/16,49.3
M-Cor SP Ivory 29 GA x 37 15/16,49.3
M-Cor SP Light Stone 26 GA x 38 9/16 GR80,4.73
M-Cor SP Light Stone 29 GA x 37 15/16,49.3
M-Cor SP Matte Black 29 GA x 37 15/16,49.3
M-Cor SP Patrician Bronze 29 GA x 37 15/16,49.3
M-Cor SP Roman Blue 29 GA x 37 15/16,49.3
M-Cor SP Surrey Beige 29 GA x 37 15/16,49.3
M-Cor SP Tudor Brown 26 GA x 38 9/16 GR80,4.73
M-Cor SP Tudor Brown 29 GA x 37 15/16,49.3
"Marquee-Lok 12"" 22 GA PVF Regal White x LF",5.31
"Marquee-Lok 12"" 24 GA Galvalume Plus x LF",100.76
"Marquee-Lok 12"" 24 GA PVF Almond x LF",56.64
"Marquee-Lok 12"" 24 GA PVF Ash Gray x LF",56.64
"Marquee-Lok 12"" 24 GA PVF Bone White x LF",56.64
"Marquee-Lok 12"" 24 GA PVF Brandywine x LF",58.45
"Marquee-Lok 12"" 24 GA PVF Brite Red x LF",58.45
"Marquee-Lok 12"" 24 GA PVF Charcoal x LF",56.64
"Marquee-Lok 12"" 24 GA PVF Colonial Red x LF",56.64
"Marquee-Lok 12"" 24 GA PVF Dark Bronze x LF",56.64
"Marquee-Lok 12"" 24 GA PVF Evergreen x LF",56.64
"Marquee-Lok 12"" 24 GA PVF Hartford Green x LF",58.45
"Marquee-Lok 12"" 24 GA PVF Mansard Brown x LF",56.64
"Marquee-Lok 12"" 24 GA PVF Medium Bronze x LF",56.64
"Marquee-Lok 12"" 24 GA PVF Patina Green x LF",4.57
"Marquee-Lok 12"" 24 GA PVF Patrician Bronze x LF",56.64
"Marquee-Lok 12"" 24 GA PVF Regal White x LF",56.64
"Marquee-Lok 12"" 24 GA PVF Regal Blue x LF",58.45
"Marquee-Lok 12"" 24 GA PVF Sandstone x LF",56.64
"Marquee-Lok 12"" 24 GA PVF Slate Gray x LF",56.64
"Marquee-Lok 12"" 24 GA PVF Surrey Beige x LF",56.64
"Marquee-Lok 12"" 24 GA PVF Terratone x LF",56.64
"Marquee-Lok 12"" 24 GA PVF Matte Black x LF",56.64
"MasterLok-90 24"" 24 GA Galvalume Plus x LF",119.88
"MasterLok-90 24"" 24 GA PVF Almond x LF",7.03
"MasterLok-90 24"" 24 GA PVF Ash Gray x LF",7.12
"MasterLok-90 24"" 24 GA PVF Bone White x LF",6.98
"MasterLok-90 24"" 24 GA PVF Charcoal x LF",7.12
"MasterLok-90 24"" 24 GA PVF Colonial Red x 7.03-FS PVF Ash Gray x LF",7.12
"MasterLok-90 24"" 24 GA PVF Dark Bronze x LF",69.49
"MasterLok-90 24"" 24 GA PVF Evergreen x LF",69.49
"MasterLok-90 24"" 24 GA PVF Matte Black x LF",7.12
"MasterLok-90 24"" 24 GA PVF Regal Blue x LF",7.49
"MasterLok-90 24"" 24 GA PVF Regal White x LF",69.49
"MasterLok-90 24"" 24 GA PVF Roman Blue x LF",7.06
"MasterLok-90 24"" 24 GA PVF Sandstone x LF",7.12
"MasterLok-90 24"" 24 GA PVF Patrician Bronze x LF",7.12
MasterLok-FS Galvalume Plus x LF,5.95
MasterLok-FS PVF Almond x LF,7